
	<!DOCTYPE project [
		<!ELEMENT project (objectids-table | current-scenario | duration | aggregation-period | truncated-mean | percentile)* >
	
		<!ELEMENT objectids-table (objectids-entry)* >
		<!ELEMENT objectids-entry (#PCDATA)>
		<!ELEMENT duration (#PCDATA)>
		<!ELEMENT truncated-mean (#PCDATA)>
		<!ELEMENT percentile (#PCDATA)>
		<!ELEMENT aggregation-period (#PCDATA)>
		<!ELEMENT current-scenario (#PCDATA)>
		<!ATTLIST duration
		    value CDATA #REQUIRED>
	    <!ATTLIST aggregation-period
		    value CDATA #REQUIRED>
		<!ATTLIST objectids-entry
		    objectid CDATA #REQUIRED
		    type CDATA #REQUIRED
		    value CDATA #REQUIRED
		    key CDATA #REQUIRED>
		<!ATTLIST truncated-mean
		    centered-interval CDATA #REQUIRED
		    percentage CDATA #REQUIRED>
		 <!ATTLIST percentile
		    percentage CDATA #REQUIRED>
	]>


<!--****** RUNTIME PROJECT ******--><project>
<!--****** CURRENT SCENARIO ******-->
<current-scenario>scenario1</current-scenario>
<!--****** OBJECTIDS ******-->
<objectids-table>
<objectids-entry key="" objectid="0" type="LG_HOST" value="localhost:7100"/>
<objectids-entry key="" objectid="1" type="ZONE" value="Default zone"/>
<objectids-entry key="Default zone¤Population1¤" objectid="2" type="POPULATION" value="Population1"/>
<objectids-entry key="Default zone¤Population1¤Correlation_Demo1_1" objectid="3" type="VIRTUAL_USER" value="Correlation_Demo1_1"/>
<objectids-entry key="Default zone¤Population1¤Correlation_Demo1_1" objectid="4" type="BASIC_LOGICAL_CONTAINER" value="$parent=Correlation_Demo1_1;$index=0"/>
<objectids-entry key="Default zone¤Population1¤Correlation_Demo1_1" objectid="5" type="BASIC_LOGICAL_CONTAINER" value="b2acf7ff-4a93-455d-85e2-66793eae5ccd"/>
<objectids-entry key="Default zone¤Population1¤Correlation_Demo1_1" objectid="6" type="HTTP_PAGE" value="e61d9de4-f1e2-496f-ad0c-c07b1b630a20"/>
<objectids-entry key="Default zone¤Population1¤Correlation_Demo1_1" objectid="7" type="ACTION" value="e2c44263-97fb-4618-9de9-f5eb9fc60bb6"/>
<objectids-entry key="Default zone¤Population1¤Correlation_Demo1_1" objectid="8" type="BASIC_LOGICAL_CONTAINER" value="$parent=Correlation_Demo1_1;$index=1"/>
<objectids-entry key="Default zone¤Population1¤Correlation_Demo1_1" objectid="9" type="BASIC_LOGICAL_CONTAINER" value="b39452fd-bf63-411e-952e-d9df8cd53c37"/>
<objectids-entry key="Default zone¤Population1¤Correlation_Demo1_1" objectid="10" type="HTTP_PAGE" value="5e46fdb6-753e-4b40-99f5-a950ba149dbb"/>
<objectids-entry key="Default zone¤Population1¤Correlation_Demo1_1" objectid="11" type="ACTION" value="878fd11a-e0c3-49a4-b083-f390f553670e"/>
<objectids-entry key="Default zone¤Population1¤Correlation_Demo1_1" objectid="12" type="ACTION" value="bf6a837b-5cd9-4e0b-b2a4-eb39f3c2fc94"/>
<objectids-entry key="Default zone¤Population1¤Correlation_Demo1_1" objectid="13" type="BASIC_LOGICAL_CONTAINER" value="$parent=Correlation_Demo1_1;$index=2"/>
<objectids-entry key="Default zone¤Population1¤Correlation_Demo1_1" objectid="14" type="BASIC_LOGICAL_CONTAINER" value="bf692e4d-77e3-44b9-ad96-010bf06e9a9f"/>
<objectids-entry key="Default zone¤Population1¤Correlation_Demo1_1" objectid="15" type="HTTP_PAGE" value="0e1e7b60-bc06-4553-8533-b7c61e13849a"/>
<objectids-entry key="Default zone¤Population1¤Correlation_Demo1_1" objectid="16" type="ACTION" value="a61a0c84-ff37-498e-a5ab-6d0ced204c1e"/>
<objectids-entry key="Default zone¤Population1¤Correlation_Demo1_1" objectid="17" type="ACTION" value="c35ef6e5-6abb-4d3b-b043-de535989764e"/>
<objectids-entry key="¤¤" objectid="18" type="MONITORED_HOST" value="NeoLoad"/>
<objectids-entry key="¤¤" objectid="19" type="MONITORCONNECTION" value="NeoLoad$NeoLoad"/>
<objectids-entry key="¤¤" objectid="20" type="MONITOR" value="NeoLoad$NeoLoad$UserLoad"/>
<objectids-entry key="¤¤" objectid="21" type="MONITOR" value="NeoLoad$NeoLoad$throughput"/>
<objectids-entry key="¤¤" objectid="22" type="MONITOR" value="NeoLoad$NeoLoad$Alerts"/>
<objectids-entry key="¤¤" objectid="23" type="MONITOR" value="NeoLoad$NeoLoad$CriticalAlerts"/>
<objectids-entry key="¤¤" objectid="24" type="MONITOR" value="NeoLoad$NeoLoad$WarningAlerts"/>
<objectids-entry key="¤¤" objectid="25" type="MONITOR" value="NeoLoad$NeoLoad$cpu"/>
<objectids-entry key="¤¤" objectid="27" type="MONITOR" value="NeoLoad$NeoLoad$memory"/>
<objectids-entry key="¤¤" objectid="29" type="MONITOR" value="NeoLoad$NeoLoad$threadcount"/>
<objectids-entry key="¤¤" objectid="30" type="MONITOR" value="NeoLoad$NeoLoad$connectedlg"/>
<objectids-entry key="¤¤" objectid="31" type="MONITOR" value="NeoLoad$NeoLoad$totallgdisconnections"/>
<objectids-entry key="¤¤" objectid="33" type="MONITOR" value="NeoLoad$NeoLoad$totallgreconnections"/>
<objectids-entry key="¤¤" objectid="34" type="MONITOR" value="NeoLoad$NeoLoad$otcp.NeoLoad"/>
<objectids-entry key="¤¤" objectid="35" type="MONITOR" value="NeoLoad$NeoLoad$tcp.NeoLoad"/>
<objectids-entry key="¤¤" objectid="36" type="MONITOR" value="NeoLoad$NeoLoad$ibytesperinterface~NeoLoad~wlan0"/>
<objectids-entry key="¤¤" objectid="37" type="MONITOR" value="NeoLoad$NeoLoad$obytesperinterface~NeoLoad~wlan0"/>
<objectids-entry key="¤¤" objectid="38" type="MONITOR" value="NeoLoad$NeoLoad$ibytesperinterface~NeoLoad~eth0"/>
<objectids-entry key="¤¤" objectid="39" type="MONITOR" value="NeoLoad$NeoLoad$obytesperinterface~NeoLoad~eth0"/>
<objectids-entry key="¤¤" objectid="40" type="MONITOR" value="NeoLoad$NeoLoad$ibytesperinterface~NeoLoad~wlan2"/>
<objectids-entry key="¤¤" objectid="41" type="MONITOR" value="NeoLoad$NeoLoad$obytesperinterface~NeoLoad~wlan2"/>
<objectids-entry key="¤¤" objectid="42" type="MONITOR" value="NeoLoad$NeoLoad$nlwebdownload"/>
<objectids-entry key="¤¤" objectid="43" type="MONITOR" value="NeoLoad$NeoLoad$nlwebupload"/>
<objectids-entry key="¤¤" objectid="44" type="MONITOR" value="NeoLoad$NeoLoad$SapUserLoad"/>
<objectids-entry key="¤¤" objectid="45" type="MONITOR" value="NeoLoad$NeoLoad$zoneuserload~Default zone"/>
<objectids-entry key="¤¤" objectid="46" type="MONITOR" value="NeoLoad$NeoLoad$zoneuserloadperpopulation~Default zone~Population1"/>
<objectids-entry key="¤¤" objectid="47" type="MONITOR" value="NeoLoad$NeoLoad$zoneuserloadperpopulation~Default zone~Population1~Correlation_Demo1_1"/>
<objectids-entry key="¤¤" objectid="48" type="MONITORED_HOST" value="LG localhost:7100"/>
<objectids-entry key="¤¤" objectid="49" type="MONITORCONNECTION" value="LG localhost:7100$NeoLoad"/>
<objectids-entry key="¤¤" objectid="50" type="MONITOR" value="LG localhost:7100$NeoLoad$lgcpu.localhost:7100"/>
<objectids-entry key="¤¤" objectid="52" type="MONITOR" value="LG localhost:7100$NeoLoad$lgmemory.localhost:7100"/>
<objectids-entry key="¤¤" objectid="54" type="MONITOR" value="LG localhost:7100$NeoLoad$lgthroughput.localhost:7100"/>
<objectids-entry key="¤¤" objectid="55" type="MONITOR" value="LG localhost:7100$NeoLoad$lguserloadperpopulation~localhost:7100"/>
<objectids-entry key="¤¤" objectid="56" type="MONITOR" value="LG localhost:7100$NeoLoad$lgthreadcount.localhost:7100"/>
<objectids-entry key="¤¤" objectid="57" type="MONITOR" value="LG localhost:7100$NeoLoad$lg.jetty.httpclient.threadpool.used.localhost:7100"/>
<objectids-entry key="¤¤" objectid="58" type="MONITOR" value="LG localhost:7100$NeoLoad$lg.jetty.httpclient.taskpool.used.localhost:7100"/>
<objectids-entry key="¤¤" objectid="60" type="MONITOR" value="LG localhost:7100$NeoLoad$lgdisconnections.localhost:7100"/>
<objectids-entry key="¤¤" objectid="61" type="MONITOR" value="LG localhost:7100$NeoLoad$lgreconnections.localhost:7100"/>
<objectids-entry key="¤¤" objectid="62" type="MONITOR" value="LG localhost:7100$NeoLoad$lgping.localhost:7100"/>
<objectids-entry key="¤¤" objectid="63" type="MONITOR" value="LG localhost:7100$NeoLoad$lgotcp.localhost:7100"/>
<objectids-entry key="¤¤" objectid="64" type="MONITOR" value="LG localhost:7100$NeoLoad$lgtcp.localhost:7100"/>
<objectids-entry key="¤¤" objectid="65" type="MONITOR" value="LG localhost:7100$NeoLoad$lgibytesperinterface~localhost:7100~wlan0"/>
<objectids-entry key="¤¤" objectid="66" type="MONITOR" value="LG localhost:7100$NeoLoad$lgobytesperinterface~localhost:7100~wlan0"/>
<objectids-entry key="¤¤" objectid="67" type="MONITOR" value="LG localhost:7100$NeoLoad$lgibytesperinterface~localhost:7100~eth0"/>
<objectids-entry key="¤¤" objectid="68" type="MONITOR" value="LG localhost:7100$NeoLoad$lgobytesperinterface~localhost:7100~eth0"/>
<objectids-entry key="¤¤" objectid="69" type="MONITOR" value="LG localhost:7100$NeoLoad$lgibytesperinterface~localhost:7100~wlan2"/>
<objectids-entry key="¤¤" objectid="70" type="MONITOR" value="LG localhost:7100$NeoLoad$lgobytesperinterface~localhost:7100~wlan2"/>
<objectids-entry key="¤¤" objectid="71" type="THRESHOLD" value="NeoLoad$NeoLoad$e553eefd-1111-461d-87a0-b412b041c508"/>
<objectids-entry key="¤¤" objectid="72" type="THRESHOLD" value="NeoLoad$NeoLoad$1608599a-49d1-4516-bbe5-662b94d74c30"/>
<objectids-entry key="¤¤" objectid="73" type="THRESHOLD" value="NeoLoad$NeoLoad$ac2881c4-c1e4-410d-9e21-8ed0584a7c37"/>
<objectids-entry key="¤¤" objectid="74" type="THRESHOLD" value="LG localhost:7100$NeoLoad$da9fc498-81d2-40c0-b08b-97d9f36ed503"/>
<objectids-entry key="¤¤" objectid="75" type="THRESHOLD" value="LG localhost:7100$NeoLoad$01dbf69a-3f52-4a05-ac47-02088ec3cbfc"/>
<objectids-entry key="¤¤" objectid="76" type="THRESHOLD" value="LG localhost:7100$NeoLoad$8d166a32-ed3b-49f8-91d9-2ea59ceca49d"/>
</objectids-table>
<!--****** DURATION ******-->
<duration value="0"/>
<!--****** AGGREGATION PERIOD ******-->
<aggregation-period value="1000"/>
<!--****** EXTENDED STATISTICS ******-->
<truncated-mean centered-interval="true" percentage="90"/>
<percentile percentage="50"/>
</project>
